,STATE,COUNTY,POPESTIMATE2014,FIPS
1,1,1,55395,01001
2,1,3,200111,01003
3,1,5,26887,01005
4,1,7,22506,01007
5,1,9,57719,01009
6,1,11,10764,01011
7,1,13,20296,01013
8,1,15,115916,01015
9,1,17,34076,01017
10,1,19,26037,01019
11,1,21,43931,01021
12,1,23,13323,01023
13,1,25,24945,01025
14,1,27,13552,01027
15,1,29,15080,01029
16,1,31,50909,01031
17,1,33,54543,01033
18,1,35,12670,01035
19,1,37,10886,01037
20,1,39,37914,01039
21,1,41,13977,01041
22,1,43,81289,01043
23,1,45,49484,01045
24,1,47,41711,01047
25,1,49,71065,01049
26,1,51,80977,01051
27,1,53,37733,01053
28,1,55,103531,01055
29,1,57,16874,01057
30,1,59,31601,01059
31,1,61,26712,01061
32,1,63,8553,01063
33,1,65,15184,01065
34,1,67,17190,01067
35,1,69,104193,01069
36,1,71,52665,01071
37,1,73,660793,01073
38,1,75,14086,01075
39,1,77,93096,01077
40,1,79,33477,01079
41,1,81,154255,01081
42,1,83,90787,01083
43,1,85,10580,01085
44,1,87,19425,01087
45,1,89,350299,01089
46,1,91,20110,01091
47,1,93,30271,01093
48,1,95,94636,01095
49,1,97,415123,01097
50,1,99,21947,01099
51,1,101,226189,01101
52,1,103,119607,01103
53,1,105,9826,01105
54,1,107,20365,01107
55,1,109,33389,01109
56,1,111,22539,01111
57,1,113,59608,01113
58,1,115,86697,01115
59,1,117,206655,01117
60,1,119,13166,01119
61,1,121,81322,01121
62,1,123,41165,01123
63,1,125,202212,01125
64,1,127,65471,01127
65,1,129,16834,01129
66,1,131,11098,01131
67,1,133,24150,01133
69,2,13,3360,02013
70,2,16,5750,02016
71,2,20,301010,02020
72,2,50,17868,02050
73,2,60,957,02060
74,2,68,1921,02068
75,2,70,4988,02070
76,2,90,99357,02090
77,2,100,2566,02100
78,2,105,2082,02105
79,2,110,32406,02110
80,2,122,57477,02122
81,2,130,13787,02130
82,2,150,13986,02150
83,2,164,1631,02164
84,2,170,97882,02170
85,2,180,9817,02180
86,2,185,9703,02185
87,2,188,7717,02188
88,2,195,3160,02195
89,2,198,6396,02198
90,2,220,8900,02220
91,2,230,1036,02230
92,2,240,6931,02240
93,2,261,9488,02261
94,2,270,8010,02270
95,2,275,2364,02275
96,2,282,635,02282
97,2,290,5547,02290
99,4,1,71828,04001
100,4,3,127448,04003
101,4,5,137682,04005
102,4,7,53119,04007
103,4,9,37957,04009
104,4,11,9346,04011
105,4,12,20231,04012
106,4,13,4087191,04013
107,4,15,203361,04015
108,4,17,108101,04017
109,4,19,1004516,04019
110,4,21,401918,04021
111,4,23,46695,04023
112,4,25,218844,04025
113,4,27,203247,04027
115,5,1,18594,05001
116,5,3,20948,05003
117,5,5,40857,05005
118,5,7,242321,05007
119,5,9,37196,05009
120,5,11,11148,05011
121,5,13,5202,05013
122,5,15,27744,05015
123,5,17,11180,05017
124,5,19,22576,05019
125,5,21,15118,05021
126,5,23,25634,05023
127,5,25,8449,05025
128,5,27,23933,05027
129,5,29,21083,05029
130,5,31,102518,05031
131,5,33,61697,05033
132,5,35,49548,05035
133,5,37,17227,05037
134,5,39,7755,05039
135,5,41,12264,05041
136,5,43,18622,05043
137,5,45,120768,05045
138,5,47,17805,05047
139,5,49,12125,05049
140,5,51,97322,05051
141,5,53,18144,05053
142,5,55,43694,05055
143,5,57,22327,05057
144,5,59,33368,05059
145,5,61,13500,05061
146,5,63,36959,05063
147,5,65,13486,05065
148,5,67,17534,05067
149,5,69,72297,05069
150,5,71,26005,05071
151,5,73,7111,05073
152,5,75,16931,05075
153,5,77,9860,05077
154,5,79,13970,05079
155,5,81,12532,05081
156,5,83,21958,05083
157,5,85,71557,05085
158,5,87,15740,05087
159,5,89,16367,05089
160,5,91,43428,05091
161,5,93,44235,05093
162,5,95,7582,05095
163,5,97,9082,05097
164,5,99,8723,05099
165,5,101,7904,05101
166,5,103,24828,05103
167,5,105,10245,05105
168,5,107,19930,05107
169,5,109,11024,05109
170,5,111,24246,05111
171,5,113,20225,05113
172,5,115,63201,05115
173,5,117,8304,05117
174,5,119,392702,05119
175,5,121,17571,05121
176,5,123,26899,05123
177,5,125,115719,05125
178,5,127,10693,05127
179,5,129,7929,05129
180,5,131,126776,05131
181,5,133,17426,05133
182,5,135,16906,05135
183,5,137,12494,05137
184,5,139,40227,05139
185,5,141,16851,05141
186,5,143,220792,05143
187,5,145,78592,05145
188,5,147,6910,05147
189,5,149,21951,05149
191,6,1,1610921,06001
192,6,3,1116,06003
193,6,5,36742,06005
194,6,7,224241,06007
195,6,9,44624,06009
196,6,11,21419,06011
197,6,13,1111339,06013
198,6,15,27212,06015
199,6,17,183087,06017
200,6,19,965974,06019
201,6,21,27955,06021
202,6,23,134809,06023
203,6,25,179091,06025
204,6,27,18410,06027
205,6,29,874589,06029
206,6,31,150269,06031
207,6,33,64184,06033
208,6,35,31749,06035
209,6,37,10116705,06037
210,6,39,154548,06039
211,6,41,260750,06041
212,6,43,17682,06043
213,6,45,87869,06045
214,6,47,266353,06047
215,6,49,9023,06049
216,6,51,13997,06051
217,6,53,431344,06053
218,6,55,141667,06055
219,6,57,98893,06057
220,6,59,3145515,06059
221,6,61,371694,06061
222,6,63,18606,06063
223,6,65,2329271,06065
224,6,67,1482026,06067
225,6,69,58267,06069
226,6,71,2112619,06071
227,6,73,3263431,06073
228,6,75,852469,06075
229,6,77,715597,06077
230,6,79,279083,06079
231,6,81,758581,06081
232,6,83,440668,06083
233,6,85,1894605,06085
234,6,87,271804,06087
235,6,89,179804,06089
236,6,91,3003,06091
237,6,93,43628,06093
238,6,95,431131,06095
239,6,97,500292,06097
240,6,99,531997,06099
241,6,101,95847,06101
242,6,103,63067,06103
243,6,105,13170,06105
244,6,107,458198,06107
245,6,109,53831,06109
246,6,111,846178,06111
247,6,113,207590,06113
248,6,115,73966,06115
250,8,1,480718,08001
251,8,3,16177,08003
252,8,5,618821,08005
253,8,7,12244,08007
254,8,9,3645,08009
255,8,11,5630,08011
256,8,13,313333,08013
257,8,14,62138,08014
258,8,15,18363,08015
259,8,17,1871,08017
260,8,19,9187,08019
261,8,21,8265,08021
262,8,23,3568,08023
263,8,25,5360,08025
264,8,27,4361,08027
265,8,29,29870,08029
266,8,31,663862,08031
267,8,33,1978,08033
268,8,35,314638,08035
269,8,37,52921,08037
270,8,39,24195,08039
271,8,41,663519,08041
272,8,43,46502,08043
273,8,45,57461,08045
274,8,47,5851,08047
275,8,49,14546,08049
276,8,51,15725,08051
277,8,53,786,08053
278,8,55,6462,08055
279,8,57,1396,08057
280,8,59,558503,08059
281,8,61,1402,08061
282,8,63,8072,08063
283,8,65,7357,08065
284,8,67,53989,08067
285,8,69,324122,08069
286,8,71,14052,08071
287,8,73,5510,08073
288,8,75,22524,08075
289,8,77,148255,08077
290,8,79,698,08079
291,8,81,12928,08081
292,8,83,25772,08083
293,8,85,40873,08085
294,8,87,28328,08087
295,8,89,18488,08089
296,8,91,4629,08091
297,8,93,16345,08093
298,8,95,4363,08095
299,8,97,17626,08097
300,8,99,12034,08099
301,8,101,161875,08101
302,8,103,6707,08103
303,8,105,11607,08105
304,8,107,23865,08107
305,8,109,6196,08109
306,8,111,720,08111
307,8,113,7840,08113
308,8,115,2348,08115
309,8,117,29404,08117
310,8,119,23389,08119
311,8,121,4780,08121
312,8,123,277670,08123
313,8,125,10202,08125
315,9,1,945438,09001
316,9,3,897985,09003
317,9,5,184993,09005
318,9,7,164943,09007
319,9,9,861277,09009
320,9,11,273676,09011
321,9,13,151367,09013
322,9,15,116998,09015
324,10,1,171987,10001
325,10,3,552778,10003
326,10,5,210849,10005
328,11,1,658893,11001
330,12,1,256380,12001
331,12,3,27093,12003
332,12,5,178985,12005
333,12,7,26702,12007
334,12,9,556885,12009
335,12,11,1869235,12011
336,12,13,14532,12013
337,12,15,168474,12015
338,12,17,139377,12017
339,12,19,199798,12019
340,12,21,348777,12021
341,12,23,67857,12023
342,12,27,35012,12027
343,12,29,15907,12029
344,12,31,897698,12031
345,12,33,310659,12033
346,12,35,102408,12035
347,12,37,11815,12037
348,12,39,46281,12039
349,12,41,16997,12041
350,12,43,13635,12043
351,12,45,15944,12045
352,12,47,14048,12047
353,12,49,27469,12049
354,12,51,38505,12051
355,12,53,175855,12053
356,12,55,98236,12055
357,12,57,1316298,12057
358,12,59,19650,12059
359,12,61,144755,12061
360,12,63,48801,12063
361,12,65,14050,12065
362,12,67,8835,12067
363,12,69,315690,12069
364,12,71,679513,12071
365,12,73,283988,12073
366,12,75,39613,12075
367,12,77,8360,12077
368,12,79,18518,12079
369,12,81,351746,12081
370,12,83,339167,12083
371,12,85,153392,12085
372,12,86,2662874,12086
373,12,87,77136,12087
374,12,89,76619,12089
375,12,91,196512,12091
376,12,93,39149,12093
377,12,95,1253001,12095
378,12,97,310211,12097
379,12,99,1397710,12099
380,12,101,485331,12101
381,12,103,938098,12103
382,12,105,634638,12105
383,12,107,72143,12107
384,12,109,217919,12109
385,12,111,291028,12111
386,12,113,163422,12113
387,12,115,396962,12115
388,12,117,442516,12117
389,12,119,114350,12119
390,12,121,44022,12121
391,12,123,22582,12123
392,12,125,15190,12125
393,12,127,507531,12127
394,12,129,31432,12129
395,12,131,61530,12131
396,12,133,24451,12133
398,13,1,18540,13001
399,13,3,8223,13003
400,13,5,11281,13005
401,13,7,3255,13007
402,13,9,45909,13009
403,13,11,18295,13011
404,13,13,73240,13013
405,13,15,101736,13015
406,13,17,17464,13017
407,13,19,18700,13019
408,13,21,153905,13021
409,13,23,12795,13023
410,13,25,18417,13025
411,13,27,15418,13027
412,13,29,33906,13029
413,13,31,72087,13031
414,13,33,22709,13033
415,13,35,23368,13035
416,13,37,6463,13037
417,13,39,52027,13039
418,13,43,10888,13043
419,13,45,114093,13045
420,13,47,65621,13047
421,13,49,12897,13049
422,13,51,283379,13051
423,13,53,11837,13053
424,13,55,24939,13055
425,13,57,230985,13057
426,13,59,120938,13059
427,13,61,3102,13061
428,13,63,267542,13063
429,13,65,6831,13065
430,13,67,730981,13067
431,13,69,42811,13069
432,13,71,46102,13071
433,13,73,139257,13073
434,13,75,17214,13075
435,13,77,135571,13077
436,13,79,12387,13079
437,13,81,22934,13081
438,13,83,16389,13083
439,13,85,22957,13085
440,13,87,27220,13087
441,13,89,722161,13089
442,13,91,20976,13091
443,13,93,14188,13093
444,13,95,92407,13095
445,13,97,138776,13097
446,13,99,10491,13099
447,13,101,4003,13101
448,13,103,55423,13103
449,13,105,19438,13105
450,13,107,22755,13107
451,13,109,10898,13109
452,13,111,23753,13111
453,13,113,109664,13113
454,13,115,96063,13115
455,13,117,204302,13117
456,13,119,22264,13119
457,13,121,996319,13121
458,13,123,28829,13123
459,13,125,3053,13125
460,13,127,82175,13127
461,13,129,56047,13129
462,13,131,25359,13131
463,13,133,16490,13133
464,13,135,877922,13135
465,13,137,43752,13137
466,13,139,190761,13139
467,13,141,8509,13141
468,13,143,28641,13143
469,13,145,32876,13145
470,13,147,25377,13147
471,13,149,11603,13149
472,13,151,213869,13151
473,13,153,149111,13153
474,13,155,9104,13155
475,13,157,61870,13157
476,13,159,13432,13159
477,13,161,14859,13161
478,13,163,16272,13163
479,13,165,9125,13165
480,13,167,9701,13167
481,13,169,28787,13169
482,13,171,18207,13171
483,13,173,10373,13173
484,13,175,47851,13175
485,13,177,29191,13177
486,13,179,65198,13179
487,13,181,7622,13181
488,13,183,17113,13183
489,13,185,113523,13185
490,13,187,31176,13187
491,13,189,21370,13189
492,13,191,14214,13191
493,13,193,13792,13193
494,13,195,28312,13195
495,13,197,8797,13197
496,13,199,21198,13199
497,13,201,5958,13201
498,13,205,22771,13205
499,13,207,27051,13207
500,13,209,8991,13209
501,13,211,17956,13211
502,13,213,39410,13213
503,13,215,200887,13215
504,13,217,103675,13217
505,13,219,35093,13219
506,13,221,14673,13221
507,13,223,148987,13223
508,13,225,26922,13225
509,13,227,29997,13227
510,13,229,18991,13229
511,13,231,17784,13231
512,13,233,41133,13233
513,13,235,11483,13235
514,13,237,21192,13237
515,13,239,2315,13239
516,13,241,16243,13241
517,13,243,7313,13243
518,13,245,201368,13245
519,13,247,87754,13247
520,13,249,5163,13249
521,13,251,14085,13251
522,13,253,8686,13253
523,13,255,63988,13255
524,13,257,25480,13257
525,13,259,5744,13259
526,13,261,31232,13261
527,13,263,6390,13263
528,13,265,1693,13265
529,13,267,25224,13267
530,13,269,8442,13269
531,13,271,16518,13271
532,13,273,9132,13273
533,13,275,44959,13275
534,13,277,40704,13277
535,13,279,27282,13279
536,13,281,11098,13281
537,13,283,6778,13283
538,13,285,69469,13285
539,13,287,8153,13287
540,13,289,8320,13289
541,13,291,21984,13291
542,13,293,26256,13293
543,13,295,68218,13295
544,13,297,87615,13297
545,13,299,35515,13299
546,13,301,5520,13301
547,13,303,20635,13303
548,13,305,29949,13305
549,13,307,2649,13307
550,13,309,7995,13309
551,13,311,27970,13311
552,13,313,103542,13313
553,13,315,8847,13315
554,13,317,9940,13317
555,13,319,9326,13319
556,13,321,20940,13321
558,15,1,194190,15001
559,15,3,991788,15003
560,15,5,89,15005
561,15,7,70475,15007
562,15,9,163019,15009
564,16,1,426236,16001
565,16,3,3861,16003
566,16,5,83347,16005
567,16,7,5957,16007
568,16,9,9118,16009
569,16,11,45269,16011
570,16,13,21482,16013
571,16,15,6824,16015
572,16,17,41585,16017
573,16,19,108623,16019
574,16,21,10979,16021
575,16,23,2622,16023
576,16,25,1039,16025
577,16,27,203143,16027
578,16,29,6837,16029
579,16,31,23540,16031
580,16,33,867,16033
581,16,35,8562,16035
582,16,37,4140,16037
583,16,39,26094,16039
584,16,41,13021,16041
585,16,43,12867,16043
586,16,45,16866,16045
587,16,47,15064,16047
588,16,49,16215,16049
589,16,51,27021,16051
590,16,53,22818,16053
591,16,55,147326,16055
592,16,57,38411,16057
593,16,59,7726,16059
594,16,61,3838,16061
595,16,63,5316,16063
596,16,65,38038,16065
597,16,67,20323,16067
598,16,69,40007,16069
599,16,71,4184,16071
600,16,73,11353,16073
601,16,75,22836,16075
602,16,77,7617,16077
603,16,79,12390,16079
604,16,81,10341,16081
605,16,83,80914,16083
606,16,85,9826,16085
607,16,87,10021,16087
609,17,1,66988,17001
610,17,3,7492,17003
611,17,5,17269,17005
612,17,7,53869,17007
613,17,9,6832,17009
614,17,11,33840,17011
615,17,13,4956,17013
616,17,15,14715,17015
617,17,17,13156,17017
618,17,19,207133,17019
619,17,21,33892,17021
620,17,23,16180,17023
621,17,25,13520,17025
622,17,27,37857,17027
623,17,29,53320,17029
624,17,31,5246456,17031
625,17,33,19393,17033
626,17,35,10833,17035
627,17,37,105462,17037
628,17,39,16284,17039
629,17,41,19889,17041
630,17,43,932708,17043
631,17,45,17841,17045
632,17,47,6617,17047
633,17,49,34320,17049
634,17,51,21870,17051
635,17,53,13688,17053
636,17,55,39411,17055
637,17,57,36007,17057
638,17,59,5291,17059
639,17,61,13434,17061
640,17,63,50425,17063
641,17,65,8296,17065
642,17,67,18564,17067
643,17,69,4129,17069
644,17,71,6916,17071
645,17,73,49635,17073
646,17,75,28879,17075
647,17,77,59677,17077
648,17,79,9623,17079
649,17,81,38534,17081
650,17,83,22571,17083
651,17,85,22254,17085
652,17,87,12601,17087
653,17,89,527306,17089
654,17,91,111375,17091
655,17,93,121350,17093
656,17,95,52069,17095
657,17,97,705186,17097
658,17,99,111241,17099
659,17,101,16519,17101
660,17,103,34735,17103
661,17,105,37903,17105
662,17,107,29746,17107
663,17,109,31880,17109
664,17,111,307283,17111
665,17,113,174061,17113
666,17,115,108350,17115
667,17,117,46453,17117
668,17,119,266560,17119
669,17,121,38571,17121
670,17,123,12014,17123
671,17,125,13898,17125
672,17,127,14905,17127
673,17,129,12570,17129
674,17,131,15945,17131
675,17,133,33722,17133
676,17,135,29359,17135
677,17,137,34929,17137
678,17,139,14837,17139
679,17,141,52085,17141
680,17,143,187319,17143
681,17,145,21672,17145
682,17,147,16431,17147
683,17,149,16022,17149
684,17,151,4276,17151
685,17,153,5815,17153
686,17,155,5814,17155
687,17,157,32869,17157
688,17,159,16061,17159
689,17,161,146063,17161
690,17,163,265729,17163
691,17,165,24612,17165
692,17,167,198997,17167
693,17,169,7330,17169
694,17,171,5204,17171
695,17,173,22048,17173
696,17,175,5813,17175
697,17,177,46435,17177
698,17,179,135707,17179
699,17,181,17447,17181
700,17,183,79728,17183
701,17,185,11549,17185
702,17,187,17874,17187
703,17,189,14337,17189
704,17,191,16543,17191
705,17,193,14374,17193
706,17,195,56876,17195
707,17,197,685419,17197
708,17,199,67008,17199
709,17,201,288542,17201
710,17,203,39187,17203
712,18,1,34791,18001
713,18,3,365918,18003
714,18,5,80217,18005
715,18,7,8700,18007
716,18,9,12401,18009
717,18,11,61915,18011
718,18,13,14962,18013
719,18,15,19923,18015
720,18,17,38438,18017
721,18,19,114262,18019
722,18,21,26562,18021
723,18,23,32776,18023
724,18,25,10655,18025
725,18,27,32729,18027
726,18,29,49506,18029
727,18,31,26524,18031
728,18,33,42383,18033
729,18,35,117074,18035
730,18,37,42345,18037
731,18,39,201971,18039
732,18,41,23468,18041
733,18,43,76179,18043
734,18,45,16658,18045
735,18,47,22934,18047
736,18,49,20500,18049
737,18,51,33759,18051
738,18,53,68569,18053
739,18,55,32726,18055
740,18,57,302623,18057
741,18,59,71978,18059
742,18,61,39299,18061
743,18,63,156056,18063
744,18,65,48995,18065
745,18,67,82982,18067
746,18,69,36706,18069
747,18,71,43705,18071
748,18,73,33475,18073
749,18,75,21179,18075
750,18,77,32494,18077
751,18,79,28000,18079
752,18,81,147538,18081
753,18,83,37938,18083
754,18,85,78564,18085
755,18,87,38436,18087
756,18,89,490228,18089
757,18,91,111444,18091
758,18,93,45704,18093
759,18,95,130069,18095
760,18,97,934243,18097
761,18,99,47107,18099
762,18,101,10203,18101
763,18,103,35954,18103
764,18,105,143339,18105
765,18,107,38146,18107
766,18,109,69693,18109
767,18,111,14156,18111
768,18,113,47618,18113
769,18,115,6035,18115
770,18,117,19626,18117
771,18,119,20969,18119
772,18,121,17233,18121
773,18,123,19454,18123
774,18,125,12624,18125
775,18,127,167076,18127
776,18,129,25540,18129
777,18,131,12967,18131
778,18,133,37618,18133
779,18,135,25384,18135
780,18,137,28497,18137
781,18,139,16892,18139
782,18,141,267618,18141
783,18,143,23712,18143
784,18,145,44579,18145
785,18,147,20801,18147
786,18,149,23074,18149
787,18,151,34308,18151
788,18,153,21050,18153
789,18,155,10452,18155
790,18,157,183074,18157
791,18,159,15415,18159
792,18,161,7246,18161
793,18,163,182006,18163
794,18,165,15693,18165
795,18,167,108175,18167
796,18,169,32252,18169
797,18,171,8352,18171
798,18,173,61149,18173
799,18,175,27878,18175
800,18,177,67671,18177
801,18,179,27862,18179
802,18,181,24453,18181
803,18,183,33403,18183
805,19,1,7454,19001
806,19,3,3875,19003
807,19,5,14038,19005
808,19,7,12661,19007
809,19,9,5794,19009
810,19,11,25680,19011
811,19,13,132897,19013
812,19,15,26433,19015
813,19,17,24721,19017
814,19,19,21038,19019
815,19,21,20578,19021
816,19,23,15006,19023
817,19,25,9866,19025
818,19,27,20562,19027
819,19,29,13448,19029
820,19,31,18411,19031
821,19,33,43254,19033
822,19,35,11836,19035
823,19,37,12264,19037
824,19,39,9217,19039
825,19,41,16515,19041
826,19,43,17692,19043
827,19,45,48051,19045
828,19,47,17228,19047
829,19,49,77400,19049
830,19,51,8781,19051
831,19,53,8263,19053
832,19,55,17398,19055
833,19,57,40255,19057
834,19,59,16935,19059
835,19,61,96370,19061
836,19,63,9990,19063
837,19,65,20343,19065
838,19,67,16077,19067
839,19,69,10436,19069
840,19,71,7022,19071
841,19,73,9200,19073
842,19,75,12375,19075
843,19,77,10722,19077
844,19,79,15117,19079
845,19,81,11027,19081
846,19,83,17311,19083
847,19,85,14324,19085
848,19,87,20217,19087
849,19,89,9449,19089
850,19,91,9640,19091
851,19,93,7042,19093
852,19,95,16375,19095
853,19,97,19482,19097
854,19,99,36872,19099
855,19,101,17325,19101
856,19,103,142287,19103
857,19,105,20454,19105
858,19,107,10231,19107
859,19,109,15222,19109
860,19,111,35286,19111
861,19,113,217751,19113
862,19,115,11161,19115
863,19,117,8701,19117
864,19,119,11683,19119
865,19,121,15609,19121
866,19,123,22370,19123
867,19,125,33365,19125
868,19,127,40866,19127
869,19,129,14831,19129
870,19,131,10779,19131
871,19,133,8996,19133
872,19,135,8001,19135
873,19,137,10421,19137
874,19,139,42903,19139
875,19,141,14056,19141
876,19,143,6218,19143
877,19,145,15496,19145
878,19,147,9099,19147
879,19,149,24874,19149
880,19,151,7138,19151
881,19,153,459862,19153
882,19,155,93128,19155
883,19,157,18668,19157
884,19,159,5051,19159
885,19,161,10035,19161
886,19,163,171387,19163
887,19,165,11948,19165
888,19,167,34681,19167
889,19,169,94073,19169
890,19,171,17451,19171
891,19,173,6143,19173
892,19,175,12516,19175
893,19,177,7468,19177
894,19,179,35212,19179
895,19,181,47956,19181
896,19,183,22070,19183
897,19,185,6395,19185
898,19,187,36955,19187
899,19,189,10559,19189
900,19,191,20768,19191
901,19,193,102271,19193
902,19,195,7624,19195
903,19,197,12840,19197
905,20,1,12909,20001
906,20,3,7883,20003
907,20,5,16513,20005
908,20,7,4897,20007
909,20,9,27385,20009
910,20,11,14772,20011
911,20,13,9815,20013
912,20,15,66227,20015
913,20,17,2692,20017
914,20,19,3481,20019
915,20,21,20787,20021
916,20,23,2693,20023
917,20,25,2144,20025
918,20,27,8317,20027
919,20,29,9385,20029
920,20,31,8433,20031
921,20,33,1954,20033
922,20,35,35963,20035
923,20,37,39290,20037
924,20,39,2908,20039
925,20,41,19394,20041
926,20,43,7874,20043
927,20,45,116585,20045
928,20,47,3030,20047
929,20,49,2694,20049
930,20,51,29013,20051
931,20,53,6392,20053
932,20,55,37184,20055
933,20,57,34795,20057
934,20,59,25611,20059
935,20,61,36713,20061
936,20,63,2727,20063
937,20,65,2566,20065
938,20,67,7816,20067
939,20,69,6082,20069
940,20,71,1301,20071
941,20,73,6328,20073
942,20,75,2603,20075
943,20,77,5818,20077
944,20,79,34820,20079
945,20,81,4106,20081
946,20,83,1916,20083
947,20,85,13539,20085
948,20,87,18855,20087
949,20,89,3043,20089
950,20,91,574272,20091
951,20,93,3915,20093
952,20,95,7698,20095
953,20,97,2513,20097
954,20,99,20960,20099
955,20,101,1687,20101
956,20,103,78797,20103
957,20,105,3167,20105
958,20,107,9502,20107
959,20,109,2794,20109
960,20,111,33212,20111
961,20,113,29241,20113
962,20,115,12208,20115
963,20,117,10006,20117
964,20,119,4357,20119
965,20,121,32822,20121
966,20,123,6284,20123
967,20,125,34065,20125
968,20,127,5698,20127
969,20,129,3110,20129
970,20,131,10148,20131
971,20,133,16416,20133
972,20,135,3105,20135
973,20,137,5560,20137
974,20,139,15936,20139
975,20,141,3756,20141
976,20,143,6065,20143
977,20,145,6916,20145
978,20,147,5533,20147
979,20,149,22897,20149
980,20,151,9850,20151
981,20,153,2584,20153
982,20,155,63794,20155
983,20,157,4803,20157
984,20,159,10015,20159
985,20,161,75194,20161
986,20,163,5155,20163
987,20,165,3197,20165
988,20,167,6956,20167
989,20,169,55755,20169
990,20,171,5080,20171
991,20,173,508803,20173
992,20,175,23465,20175
993,20,177,178406,20177
994,20,179,2539,20179
995,20,181,6110,20181
996,20,183,3769,20183
997,20,185,4297,20185
998,20,187,2111,20187
999,20,189,5801,20189
1000,20,191,23528,20191
1001,20,193,7891,20193
1002,20,195,2902,20195
1003,20,197,7022,20197
1004,20,199,1506,20199
1005,20,201,5598,20201
1006,20,203,2176,20203
1007,20,205,9028,20205
1008,20,207,3157,20207
1009,20,209,161636,20209
1011,21,1,19204,21001
1012,21,3,20384,21003
1013,21,5,21888,21005
1014,21,7,8240,21007
1015,21,9,43148,21009
1016,21,11,12206,21011
1017,21,13,27778,21013
1018,21,15,126413,21015
1019,21,17,19972,21017
1020,21,19,48832,21019
1021,21,21,29706,21021
1022,21,23,8406,21023
1023,21,25,13409,21025
1024,21,27,19888,21027
1025,21,29,77955,21029
1026,21,31,12875,21031
1027,21,33,12725,21033
1028,21,35,38282,21035
1029,21,37,91833,21037
1030,21,39,4978,21039
1031,21,41,10815,21041
1032,21,43,27223,21043
1033,21,45,15891,21045
1034,21,47,74250,21047
1035,21,49,35758,21049
1036,21,51,21147,21051
1037,21,53,10165,21053
1038,21,55,9224,21055
1039,21,57,6745,21057
1040,21,59,98275,21059
1041,21,61,12013,21061
1042,21,63,7672,21063
1043,21,65,14447,21065
1044,21,67,310797,21067
1045,21,69,14545,21069
1046,21,71,38108,21071
1047,21,73,49880,21073
1048,21,75,6265,21075
1049,21,77,8589,21077
1050,21,79,16858,21079
1051,21,81,24875,21081
1052,21,83,37618,21083
1053,21,85,26194,21085
1054,21,87,11043,21087
1055,21,89,36308,21089
1056,21,91,8753,21091
1057,21,93,108266,21093
1058,21,95,28163,21095
1059,21,97,18592,21097
1060,21,99,18597,21099
1061,21,101,46467,21101
1062,21,103,15572,21103
1063,21,105,4734,21105
1064,21,107,46376,21107
1065,21,109,13289,21109
1066,21,111,760026,21111
1067,21,113,50815,21113
1068,21,115,23262,21115
1069,21,117,163929,21117
1070,21,119,15892,21119
1071,21,121,31798,21121
1072,21,123,14180,21123
1073,21,125,60015,21125
1074,21,127,15804,21127
1075,21,129,7594,21129
1076,21,131,10918,21131
1077,21,133,23359,21133
1078,21,135,13880,21135
1079,21,137,24445,21137
1080,21,139,9359,21139
1081,21,141,26867,21141
1082,21,143,8430,21143
1083,21,145,65316,21145
1084,21,147,17863,21147
1085,21,149,9478,21149
1086,21,151,87340,21151
1087,21,153,12913,21153
1088,21,155,20007,21155
1089,21,157,30953,21157
1090,21,159,12537,21159
1091,21,161,17166,21161
1092,21,163,29139,21163
1093,21,165,6287,21165
1094,21,167,21319,21167
1095,21,169,9990,21169
1096,21,171,10704,21171
1097,21,173,27474,21173
1098,21,175,13303,21175
1099,21,177,31207,21177
1100,21,179,44812,21179
1101,21,181,7041,21181
1102,21,183,23977,21183
1103,21,185,63490,21185
1104,21,187,10645,21187
1105,21,189,4508,21189
1106,21,191,14493,21191
1107,21,193,27597,21193
1108,21,195,63034,21195
1109,21,197,12434,21197
1110,21,199,63825,21199
1111,21,201,2197,21201
1112,21,203,16826,21203
1113,21,205,23655,21205
1114,21,207,17774,21207
1115,21,209,51284,21209
1116,21,211,44875,21211
1117,21,213,17826,21213
1118,21,215,17668,21215
1119,21,217,25257,21217
1120,21,219,12520,21219
1121,21,221,14142,21221
1122,21,223,8786,21223
1123,21,225,15165,21225
1124,21,227,120460,21227
1125,21,229,11959,21229
1126,21,231,20486,21231
1127,21,233,13236,21233
1128,21,235,35503,21235
1129,21,237,7214,21237
1130,21,239,25563,21239
1132,22,1,62486,22001
1133,22,3,25713,22003
1134,22,5,117029,22005
1135,22,7,23034,22007
1136,22,9,41145,22009
1137,22,11,36198,22011
1138,22,13,13885,22013
1139,22,15,125064,22015
1140,22,17,252603,22017
1141,22,19,197204,22019
1142,22,21,9894,22021
1143,22,23,6679,22023
1144,22,25,10151,22025
1145,22,27,16412,22027
1146,22,29,20466,22029
1147,22,31,27142,22031
1148,22,33,446042,22033
1149,22,35,7487,22035
1150,22,37,19813,22037
1151,22,39,33700,22039
1152,22,41,20441,22041
1153,22,43,22384,22043
1154,22,45,73913,22045
1155,22,47,33327,22047
1156,22,49,15994,22049
1157,22,51,435716,22051
1158,22,53,31477,22053
1159,22,55,235644,22055
1160,22,57,98020,22057
1161,22,59,14839,22059
1162,22,61,47617,22061
1163,22,63,135751,22063
1164,22,65,11843,22065
1165,22,67,26760,22067
1166,22,69,39166,22069
1167,22,71,384320,22071
1168,22,73,156325,22073
1169,22,75,23447,22075
1170,22,77,22406,22077
1171,22,79,132488,22079
1172,22,81,8669,22081
1173,22,83,20740,22083
1174,22,85,24199,22085
1175,22,87,44409,22087
1176,22,89,52745,22089
1177,22,91,10619,22091
1178,22,93,21638,22093
1179,22,95,43745,22095
1180,22,97,83709,22097
1181,22,99,53315,22099
1182,22,101,53162,22101
1183,22,103,245829,22103
1184,22,105,127049,22105
1185,22,107,4830,22107
1186,22,109,113328,22109
1187,22,111,22539,22111
1188,22,113,59616,22113
1189,22,115,52132,22115
1190,22,117,46286,22117
1191,22,119,40333,22119
1192,22,121,25085,22121
1193,22,123,11525,22123
1194,22,125,15406,22125
1195,22,127,14743,22127
1197,23,1,107440,23001
1198,23,3,69447,23003
1199,23,5,287797,23005
1200,23,7,30296,23007
1201,23,9,54696,23009
1202,23,11,121112,23011
1203,23,13,39676,23013
1204,23,15,34170,23015
1205,23,17,57238,23017
1206,23,19,153414,23019
1207,23,21,17026,23021
1208,23,23,35045,23023
1209,23,25,51163,23025
1210,23,27,39051,23027
1211,23,29,31808,23029
1212,23,31,200710,23031
1214,24,1,72952,24001
1215,24,3,560133,24003
1216,24,5,826925,24005
1217,24,9,90613,24009
1218,24,11,32538,24011
1219,24,13,167830,24013
1220,24,15,102383,24015
1221,24,17,154747,24017
1222,24,19,32578,24019
1223,24,21,243675,24021
1224,24,23,29679,24023
1225,24,25,250105,24025
1226,24,27,309284,24027
1227,24,29,19820,24029
1228,24,31,1030447,24031
1229,24,33,904430,24033
1230,24,35,48804,24035
1231,24,37,110382,24037
1232,24,39,25859,24039
1233,24,41,37643,24041
1234,24,43,149573,24043
1235,24,45,101539,24045
1236,24,47,51675,24047
1237,24,510,622793,24510
1239,25,1,214914,25001
1240,25,3,128715,25003
1241,25,5,554194,25005
1242,25,7,17356,25007
1243,25,9,769091,25009
1244,25,11,70862,25011
1245,25,13,468161,25013
1246,25,15,160939,25015
1247,25,17,1570315,25017
1248,25,19,10856,25019
1249,25,21,692254,25021
1250,25,23,507022,25023
1251,25,25,767254,25025
1252,25,27,813475,25027
1254,26,1,10454,26001
1255,26,3,9459,26003
1256,26,5,113847,26005
1257,26,7,28988,26007
1258,26,9,23267,26009
1259,26,11,15353,26011
1260,26,13,8654,26013
1261,26,15,59281,26015
1262,26,17,106179,26017
1263,26,19,17519,26019
1264,26,21,155233,26021
1265,26,23,43545,26023
1266,26,25,134878,26025
1267,26,27,51608,26027
1268,26,29,26121,26029
1269,26,31,25675,26031
1270,26,33,38321,26033
1271,26,35,30652,26035
1272,26,37,77297,26037
1273,26,39,13745,26039
1274,26,41,36559,26041
1275,26,43,25957,26043
1276,26,45,108579,26045
1277,26,47,33204,26047
1278,26,49,412895,26049
1279,26,51,25411,26051
1280,26,53,15737,26053
1281,26,55,90782,26055
1282,26,57,41665,26057
1283,26,59,45830,26059
1284,26,61,36495,26061
1285,26,63,32065,26063
1286,26,65,284582,26065
1287,26,67,64294,26067
1288,26,69,25420,26069
1289,26,71,11387,26071
1290,26,73,70616,26073
1291,26,75,159741,26075
1292,26,77,258818,26077
1293,26,79,17394,26079
1294,26,81,629237,26081
1295,26,83,2217,26083
1296,26,85,11341,26085
1297,26,87,88153,26087
1298,26,89,21915,26089
1299,26,91,99047,26091
1300,26,93,185596,26093
1301,26,95,6426,26095
1302,26,97,11042,26097
1303,26,99,860112,26099
1304,26,101,24420,26101
1305,26,103,67676,26103
1306,26,105,28824,26105
1307,26,107,43186,26107
1308,26,109,23714,26109
1309,26,111,83427,26111
1310,26,113,15037,26113
1311,26,115,149824,26115
1312,26,117,62893,26117
1313,26,119,9300,26119
1314,26,121,172344,26121
1315,26,123,47900,26123
1316,26,125,1237868,26125
1317,26,127,26221,26127
1318,26,129,21039,26129
1319,26,131,6172,26131
1320,26,133,23169,26133
1321,26,135,8371,26135
1322,26,137,24158,26137
1323,26,139,276292,26139
1324,26,141,13004,26141
1325,26,143,23955,26143
1326,26,145,195012,26145
1327,26,147,160078,26147
1328,26,149,60946,26149
1329,26,151,41587,26151
1330,26,153,8171,26153
1331,26,155,68933,26155
1332,26,157,54000,26157
1333,26,159,75199,26159
1334,26,161,356874,26161
1335,26,163,1764804,26163
1336,26,165,32886,26165
1338,27,1,15771,27001
1339,27,3,341864,27003
1340,27,5,33259,27005
1341,27,7,45664,27007
1342,27,9,39506,27009
1343,27,11,5127,27011
1344,27,13,65385,27013
1345,27,15,25292,27015
1346,27,17,35571,27017
1347,27,19,97338,27019
1348,27,21,28559,27021
1349,27,23,12110,27023
1350,27,25,54025,27025
1351,27,27,61286,27027
1352,27,29,8791,27029
1353,27,31,5233,27031
1354,27,33,11633,27033
1355,27,35,63265,27035
1356,27,37,412529,27037
1357,27,39,20353,27039
1358,27,41,36790,27041
1359,27,43,14192,27043
1360,27,45,20776,27045
1361,27,47,30840,27047
1362,27,49,46423,27049
1363,27,51,5956,27051
1364,27,53,1212064,27053
1365,27,55,18738,27055
1366,27,57,20573,27057
1367,27,59,38413,27059
1368,27,61,45589,27061
1369,27,63,10269,27063
1370,27,65,15930,27065
1371,27,67,42285,27067
1372,27,69,4435,27069
1373,27,71,12856,27071
1374,27,73,6891,27073
1375,27,75,10680,27075
1376,27,77,3918,27077
1377,27,79,27770,27079
1378,27,81,5788,27081
1379,27,83,25665,27083
1380,27,85,35882,27085
1381,27,87,5505,27087
1382,27,89,9417,27089
1383,27,91,20220,27091
1384,27,93,23107,27093
1385,27,95,25884,27095
1386,27,97,32810,27097
1387,27,99,39323,27099
1388,27,101,8470,27101
1389,27,103,33093,27103
1390,27,105,21590,27105
1391,27,107,6639,27107
1392,27,109,150287,27109
1393,27,111,57635,27111
1394,27,113,14058,27113
1395,27,115,29095,27115
1396,27,117,9281,27117
1397,27,119,31704,27119
1398,27,121,10984,27121
1399,27,123,532655,27123
1400,27,125,4043,27125
1401,27,127,15515,27127
1402,27,129,15025,27129
1403,27,131,65151,27131
1404,27,133,9553,27133
1405,27,135,15679,27135
1406,27,137,200949,27137
1407,27,139,139672,27139
1408,27,141,91126,27141
1409,27,143,14918,27143
1410,27,145,152912,27145
1411,27,147,36573,27147
1412,27,149,9800,27149
1413,27,151,9436,27151
1414,27,153,24264,27153
1415,27,155,3387,27155
1416,27,157,21362,27157
1417,27,159,13757,27159
1418,27,161,19025,27161
1419,27,163,249283,27163
1420,27,165,11083,27165
1421,27,167,6495,27167
1422,27,169,51097,27169
1423,27,171,129918,27171
1424,27,173,10109,27173
1426,28,1,31737,28001
1427,28,3,37380,28003
1428,28,5,12629,28005
1429,28,7,19163,28007
1430,28,9,8296,28009
1431,28,11,33768,28011
1432,28,13,14745,28013
1433,28,15,10254,28015
1434,28,17,17313,28017
1435,28,19,8294,28019
1436,28,21,9080,28021
1437,28,23,16299,28023
1438,28,25,20225,28025
1439,28,27,24807,28027
1440,28,29,28797,28029
1441,28,31,19442,28031
1442,28,33,170913,28033
1443,28,35,76330,28035
1444,28,37,7833,28037
1445,28,39,23303,28039
1446,28,41,14326,28041
1447,28,43,21666,28043
1448,28,45,45949,28045
1449,28,47,199058,28047
1450,28,49,243729,28049
1451,28,51,18459,28051
1452,28,53,8741,28053
1453,28,55,1397,28055
1454,28,57,23527,28057
1455,28,59,141137,28059
1456,28,61,16601,28061
1457,28,63,7599,28063
1458,28,65,11822,28065
1459,28,67,68290,28067
1460,28,69,10163,28069
1461,28,71,52930,28071
1462,28,73,60099,28073
1463,28,75,79739,28075
1464,28,77,12502,28077
1465,28,79,23193,28079
1466,28,81,85246,28081
1467,28,83,31422,28083
1468,28,85,34775,28085
1469,28,87,59730,28087
1470,28,89,101688,28089
1471,28,91,25868,28091
1472,28,93,36234,28093
1473,28,95,36003,28095
1474,28,97,10400,28097
1475,28,99,29465,28099
1476,28,101,21832,28101
1477,28,103,11115,28103
1478,28,105,49414,28105
1479,28,107,34444,28107
1480,28,109,55224,28109
1481,28,111,12227,28111
1482,28,113,40058,28113
1483,28,115,30950,28115
1484,28,117,25428,28117
1485,28,119,7678,28119
1486,28,121,148070,28121
1487,28,123,28461,28123
1488,28,125,4647,28125
1489,28,127,27463,28127
1490,28,129,16188,28129
1491,28,131,17875,28131
1492,28,133,27496,28133
1493,28,135,14761,28135
1494,28,137,28204,28137
1495,28,139,22039,28139
1496,28,141,19420,28141
1497,28,143,10598,28143
1498,28,145,28097,28145
1499,28,147,14859,28147
1500,28,149,47983,28149
1501,28,151,48958,28151
1502,28,153,20490,28153
1503,28,155,9972,28155
1504,28,157,9191,28157
1505,28,159,18478,28159
1506,28,161,12276,28161
1507,28,163,27817,28163
1509,29,1,25602,29001
1510,29,3,17379,29003
1511,29,5,5382,29005
1512,29,7,25887,29007
1513,29,9,35662,29009
1514,29,11,12057,29011
1515,29,13,16584,29013
1516,29,15,18806,29015
1517,29,17,12394,29017
1518,29,19,172717,29019
1519,29,21,89486,29021
1520,29,23,42972,29023
1521,29,25,9034,29025
1522,29,27,44750,29027
1523,29,29,44021,29029
1524,29,31,78043,29031
1525,29,33,9043,29033
1526,29,35,6258,29035
1527,29,37,100889,29037
1528,29,39,13952,29039
1529,29,41,7694,29041
1530,29,43,82101,29043
1531,29,45,6917,29045
1532,29,47,233682,29047
1533,29,49,20299,29049
1534,29,51,76557,29051
1535,29,53,17585,29053
1536,29,55,24650,29055
1537,29,57,7628,29057
1538,29,59,16389,29059
1539,29,61,8297,29061
1540,29,63,12692,29063
1541,29,65,15655,29065
1542,29,67,13546,29067
1543,29,69,31344,29069
1544,29,71,102084,29071
1545,29,73,14866,29073
1546,29,75,6826,29075
1547,29,77,285865,29077
1548,29,79,10197,29079
1549,29,81,8639,29081
1550,29,83,22028,29083
1551,29,85,9219,29085
1552,29,87,4516,29087
1553,29,89,10159,29089
1554,29,91,40173,29091
1555,29,93,10267,29093
1556,29,95,683191,29095
1557,29,97,117543,29097
1558,29,99,222716,29099
1559,29,101,54362,29101
1560,29,103,4000,29103
1561,29,105,35439,29105
1562,29,107,32688,29107
1563,29,109,38023,29109
1564,29,111,10138,29111
1565,29,113,54249,29113
1566,29,115,12311,29115
1567,29,117,15053,29117
1568,29,119,22800,29119
1569,29,121,15479,29121
1570,29,123,12368,29123
1571,29,125,9013,29125
1572,29,127,28920,29127
1573,29,129,3719,29129
1574,29,131,25141,29131
1575,29,133,14232,29133
1576,29,135,15856,29135
1577,29,137,8707,29137
1578,29,139,11841,29139
1579,29,141,20240,29141
1580,29,143,18272,29143
1581,29,145,58598,29145
1582,29,147,23081,29147
1583,29,149,10911,29149
1584,29,151,13703,29151
1585,29,153,9492,29153
1586,29,155,17650,29155
1587,29,157,19202,29157
1588,29,159,42225,29159
1589,29,161,44847,29161
1590,29,163,18541,29163
1591,29,165,94788,29165
1592,29,167,31054,29167
1593,29,169,53436,29169
1594,29,171,4829,29171
1595,29,173,10255,29173
1596,29,175,25072,29175
1597,29,177,22949,29177
1598,29,179,6565,29179
1599,29,181,13969,29181
1600,29,183,379493,29183
1601,29,185,9457,29185
1602,29,186,17914,29186
1603,29,187,65960,29187
1604,29,189,1001876,29189
1605,29,195,23347,29195
1606,29,197,4370,29197
1607,29,199,4863,29199
1608,29,201,38903,29201
1609,29,203,8329,29203
1610,29,205,6108,29205
1611,29,207,29867,29207
1612,29,209,31104,29209
1613,29,211,6411,29211
1614,29,213,54230,29213
1615,29,215,25642,29215
1616,29,217,21001,29217
1617,29,219,33253,29219
1618,29,221,25077,29221
1619,29,223,13452,29223
1620,29,225,36888,29225
1621,29,227,2073,29227
1622,29,229,18291,29229
1623,29,510,317419,29510
1625,30,1,9345,30001
1626,30,3,13282,30003
1627,30,5,6619,30005
1628,30,7,5667,30007
1629,30,9,10399,30009
1630,30,11,1169,30011
1631,30,13,82344,30013
1632,30,15,5894,30015
1633,30,17,12092,30017
1634,30,19,1793,30019
1635,30,21,9518,30021
1636,30,23,9150,30023
1637,30,25,3108,30025
1638,30,27,11442,30027
1639,30,29,94924,30029
1640,30,31,97308,30031
1641,30,33,1309,30033
1642,30,35,13696,30035
1643,30,37,852,30037
1644,30,39,3209,30039
1645,30,41,16596,30041
1646,30,43,11558,30043
1647,30,45,1991,30045
1648,30,47,29099,30047
1649,30,49,65856,30049
1650,30,51,2359,30051
1651,30,53,19125,30053
1652,30,55,1694,30055
1653,30,57,7820,30057
1654,30,59,1853,30059
1655,30,61,4257,30061
1656,30,63,112684,30063
1657,30,65,4589,30065
1658,30,67,15880,30067
1659,30,69,485,30069
1660,30,71,4192,30071
1661,30,73,6219,30073
1662,30,75,1783,30075
1663,30,77,6909,30077
1664,30,79,1148,30079
1665,30,81,41030,30081
1666,30,83,11576,30083
1667,30,85,11332,30085
1668,30,87,9326,30087
1669,30,89,11364,30089
1670,30,91,3696,30091
1671,30,93,34680,30093
1672,30,95,9290,30095
1673,30,97,3665,30097
1674,30,99,6064,30099
1675,30,101,5150,30101
1676,30,103,692,30103
1677,30,105,7640,30105
1678,30,107,2102,30107
1679,30,109,1121,30109
1680,30,111,155634,30111
1682,31,1,31457,31001
1683,31,3,6398,31003
1684,31,5,453,31005
1685,31,7,764,31007
1686,31,9,504,31009
1687,31,11,5353,31011
1688,31,13,11340,31013
1689,31,15,2033,31015
1690,31,17,2941,31017
1691,31,19,48224,31019
1692,31,21,6573,31021
1693,31,23,8249,31023
1694,31,25,25524,31025
1695,31,27,8610,31027
1696,31,29,3978,31029
1697,31,31,5762,31031
1698,31,33,10148,31033
1699,31,35,6315,31035
1700,31,37,10504,31037
1701,31,39,9027,31039
1702,31,41,10728,31041
1703,31,43,20850,31043
1704,31,45,9042,31045
1705,31,47,24096,31047
1706,31,49,1940,31049
1707,31,51,5782,31051
1708,31,53,36744,31053
1709,31,55,543244,31055
1710,31,57,1886,31057
1711,31,59,5661,31059
1712,31,61,3076,31061
1713,31,63,2705,31063
1714,31,65,4888,31065
1715,31,67,21663,31067
1716,31,69,1911,31069
1717,31,71,2003,31071
1718,31,73,1970,31073
1719,31,75,619,31075
1720,31,77,2482,31077
1721,31,79,61492,31079
1722,31,81,9135,31081
1723,31,83,3492,31083
1724,31,85,933,31085
1725,31,87,2901,31087
1726,31,89,10403,31089
1727,31,91,728,31091
1728,31,93,6362,31093
1729,31,95,7335,31095
1730,31,97,5185,31097
1731,31,99,6644,31099
1732,31,101,8121,31101
1733,31,103,810,31103
1734,31,105,3713,31105
1735,31,107,8482,31107
1736,31,109,301795,31109
1737,31,111,35815,31111
1738,31,113,750,31113
1739,31,115,588,31115
1740,31,117,498,31117
1741,31,119,35174,31119
1742,31,121,7766,31121
1743,31,123,4862,31123
1744,31,125,3570,31125
1745,31,127,7175,31127
1746,31,129,4369,31129
1747,31,131,15797,31131
1748,31,133,2702,31133
1749,31,135,2891,31135
1750,31,137,9187,31137
1751,31,139,7202,31139
1752,31,141,32666,31141
1753,31,143,5271,31143
1754,31,145,10867,31145
1755,31,147,8128,31147
1756,31,149,1443,31149
1757,31,151,14252,31151
1758,31,153,172193,31153
1759,31,155,20919,31155
1760,31,157,36465,31157
1761,31,159,17150,31159
1762,31,161,5259,31161
1763,31,163,3074,31163
1764,31,165,1303,31165
1765,31,167,6069,31167
1766,31,169,5230,31169
1767,31,171,687,31171
1768,31,173,6969,31173
1769,31,175,4204,31175
1770,31,177,20258,31177
1771,31,179,9431,31179
1772,31,181,3658,31181
1773,31,183,766,31183
1774,31,185,13917,31185
1776,32,1,23989,32001
1777,32,3,2069681,32003
1778,32,5,47536,32005
1779,32,7,52766,32007
1780,32,9,822,32009
1781,32,11,2018,32011
1782,32,13,17279,32013
1783,32,15,6009,32015
1784,32,17,5184,32017
1785,32,19,51789,32019
1786,32,21,4500,32021
1787,32,23,42282,32023
1788,32,27,6698,32027
1789,32,29,3912,32029
1790,32,31,440078,32031
1791,32,33,10034,32033
1792,32,510,54522,32510
1794,33,1,60305,33001
1795,33,3,47399,33003
1796,33,5,76115,33005
1797,33,7,31653,33007
1798,33,9,89658,33009
1799,33,11,405184,33011
1800,33,13,147171,33013
1801,33,15,300621,33015
1802,33,17,125604,33017
1803,33,19,43103,33019
1805,34,1,275209,34001
1806,34,3,933572,34003
1807,34,5,449722,34005
1808,34,7,511038,34007
1809,34,9,95344,34009
1810,34,11,157389,34011
1811,34,13,795723,34013
1812,34,15,290951,34015
1813,34,17,669115,34017
1814,34,19,126067,34019
1815,34,21,371537,34021
1816,34,23,836297,34023
1817,34,25,629279,34025
1818,34,27,499727,34027
1819,34,29,586301,34029
1820,34,31,508856,34031
1821,34,33,64715,34033
1822,34,35,332568,34035
1823,34,37,144909,34037
1824,34,39,552939,34039
1825,34,41,106917,34041
1827,35,1,675551,35001
1828,35,3,3556,35003
1829,35,5,65878,35005
1830,35,6,27349,35006
1831,35,7,12680,35007
1832,35,9,50969,35009
1833,35,11,1825,35011
1834,35,13,213676,35013
1835,35,15,56395,35015
1836,35,17,29096,35017
1837,35,19,4468,35019
1838,35,21,683,35021
1839,35,23,4560,35023
1840,35,25,69999,35025
1841,35,27,19706,35027
1842,35,28,17682,35028
1843,35,29,24673,35029
1844,35,31,74098,35031
1845,35,33,4592,35033
1846,35,35,65082,35035
1847,35,37,8501,35037
1848,35,39,39777,35039
1849,35,41,19536,35041
1850,35,43,137608,35043
1851,35,45,123785,35045
1852,35,47,28239,35047
1853,35,49,148164,35049
1854,35,51,11325,35051
1855,35,53,17310,35053
1856,35,55,33084,35055
1857,35,57,15611,35057
1858,35,59,4297,35059
1859,35,61,75817,35061
1861,36,1,308171,36001
1862,36,3,47736,36003
1863,36,5,1438159,36005
1864,36,7,197349,36007
1865,36,9,78600,36009
1866,36,11,78823,36011
1867,36,13,132053,36013
1868,36,15,87770,36015
1869,36,17,49426,36017
1870,36,19,81632,36019
1871,36,21,62122,36021
1872,36,23,49024,36023
1873,36,25,46581,36025
1874,36,27,296579,36027
1875,36,29,922835,36029
1876,36,31,38679,36031
1877,36,33,51262,36033
1878,36,35,54105,36035
1879,36,37,59162,36037
1880,36,39,47967,36039
1881,36,41,4715,36041
1882,36,43,63744,36043
1883,36,45,119103,36045
1884,36,47,2621793,36047
1885,36,49,27220,36049
1886,36,51,64586,36051
1887,36,53,72369,36053
1888,36,55,749857,36055
1889,36,57,49779,36057
1890,36,59,1358627,36059
1891,36,61,1636268,36061
1892,36,63,213525,36063
1893,36,65,232871,36065
1894,36,67,468196,36067
1895,36,69,109707,36069
1896,36,71,376099,36071
1897,36,73,41984,36073
1898,36,75,120913,36075
1899,36,77,61128,36077
1900,36,79,99487,36079
1901,36,81,2321580,36081
1902,36,83,159774,36083
1903,36,85,473279,36085
1904,36,87,323866,36087
1905,36,89,111400,36089
1906,36,91,224921,36091
1907,36,93,155735,36093
1908,36,95,31566,36095
1909,36,97,18479,36097
1910,36,99,34884,36099
1911,36,101,98394,36101
1912,36,103,1502968,36103
1913,36,105,75943,36105
1914,36,107,49870,36107
1915,36,109,104691,36109
1916,36,111,180445,36111
1917,36,113,64973,36113
1918,36,115,62372,36115
1919,36,117,92051,36117
1920,36,119,972634,36119
1921,36,121,41188,36121
1922,36,123,25208,36123
1924,37,1,155792,37001
1925,37,3,37392,37003
1926,37,5,10879,37005
1927,37,7,25765,37007
1928,37,9,27126,37009
1929,37,11,17773,37011
1930,37,13,47585,37013
1931,37,15,20106,37015
1932,37,17,34657,37017
1933,37,19,118836,37019
1934,37,21,250539,37021
1935,37,23,89486,37023
1936,37,25,192103,37025
1937,37,27,81484,37027
1938,37,29,10331,37029
1939,37,31,68811,37031
1940,37,33,23082,37033
1941,37,35,154534,37035
1942,37,37,68698,37037
1943,37,39,27141,37039
1944,37,41,14572,37041
1945,37,43,10581,37043
1946,37,45,97076,37045
1947,37,47,56953,37047
1948,37,49,104510,37049
1949,37,51,326328,37051
1950,37,53,24976,37053
1951,37,55,35104,37055
1952,37,57,164072,37057
1953,37,59,41434,37059
1954,37,61,59882,37061
1955,37,63,294460,37063
1956,37,65,54933,37065
1957,37,67,365298,37067
1958,37,69,62860,37069
1959,37,71,211127,37071
1960,37,73,11567,37073
1961,37,75,8644,37075
1962,37,77,58500,37077
1963,37,79,21093,37079
1964,37,81,512119,37081
1965,37,83,52970,37083
1966,37,85,126666,37085
1967,37,87,59471,37087
1968,37,89,111149,37089
1969,37,91,24308,37091
1970,37,93,51611,37093
1971,37,95,5676,37095
1972,37,97,166675,37097
1973,37,99,40981,37099
1974,37,101,181423,37101
1975,37,103,10076,37103
1976,37,105,59662,37105
1977,37,107,58485,37107
1978,37,109,79829,37109
1979,37,111,44965,37111
1980,37,113,33875,37113
1981,37,115,21157,37115
1982,37,117,23454,37117
1983,37,119,1012539,37119
1984,37,121,15311,37121
1985,37,123,27395,37123
1986,37,125,93077,37125
1987,37,127,94357,37127
1988,37,129,216298,37129
1989,37,131,20463,37131
1990,37,133,187589,37133
1991,37,135,140420,37135
1992,37,137,12948,37137
1993,37,139,39787,37139
1994,37,141,56250,37141
1995,37,143,13466,37143
1996,37,145,39132,37145
1997,37,147,175354,37147
1998,37,149,20357,37149
1999,37,151,142778,37151
2000,37,153,45733,37153
2001,37,155,134760,37155
2002,37,157,91696,37157
2003,37,159,138630,37159
2004,37,161,66600,37161
2005,37,163,64050,37163
2006,37,165,35576,37165
2007,37,167,60600,37167
2008,37,169,46419,37169
2009,37,171,72968,37171
2010,37,173,14274,37173
2011,37,175,33045,37175
2012,37,177,4115,37177
2013,37,179,218568,37179
2014,37,181,44614,37181
2015,37,183,998691,37183
2016,37,185,20231,37185
2017,37,187,12570,37187
2018,37,189,52560,37189
2019,37,191,124456,37191
2020,37,193,68838,37193
2021,37,195,81401,37195
2022,37,197,37792,37197
2023,37,199,17614,37199
2025,38,1,2384,38001
2026,38,3,11144,38003
2027,38,5,6833,38005
2028,38,7,901,38007
2029,38,9,6650,38009
2030,38,11,3247,38011
2031,38,13,2245,38013
2032,38,15,90503,38015
2033,38,17,167005,38017
2034,38,19,3855,38019
2035,38,21,5150,38021
2036,38,23,2432,38023
2037,38,25,4399,38025
2038,38,27,2377,38027
2039,38,29,3422,38029
2040,38,31,3362,38031
2041,38,33,1825,38033
2042,38,35,70138,38035
2043,38,37,2361,38037
2044,38,39,2319,38039
2045,38,41,2660,38041
2046,38,43,2424,38043
2047,38,45,4149,38045
2048,38,47,1944,38047
2049,38,49,5988,38049
2050,38,51,2801,38051
2051,38,53,10996,38053
2052,38,55,9578,38055
2053,38,57,8746,38057
2054,38,59,29822,38059
2055,38,61,9782,38061
2056,38,63,3045,38063
2057,38,65,1850,38065
2058,38,67,7128,38067
2059,38,69,4404,38069
2060,38,71,11564,38071
2061,38,73,5446,38073
2062,38,75,2587,38075
2063,38,77,16432,38077
2064,38,79,14616,38079
2065,38,81,3931,38081
2066,38,83,1326,38083
2067,38,85,4422,38085
2068,38,87,765,38087
2069,38,89,30372,38089
2070,38,91,1955,38091
2071,38,93,21129,38093
2072,38,95,2310,38095
2073,38,97,8082,38097
2074,38,99,10970,38099
2075,38,101,69384,38101
2076,38,103,4192,38103
2077,38,105,32130,38105
2079,39,1,28129,39001
2080,39,3,105040,39003
2081,39,5,53035,39005
2082,39,7,99175,39007
2083,39,9,64713,39009
2084,39,11,45841,39011
2085,39,13,69461,39013
2086,39,15,44116,39015
2087,39,17,374158,39017
2088,39,19,28187,39019
2089,39,21,39128,39021
2090,39,23,136554,39023
2091,39,25,201560,39025
2092,39,27,41835,39027
2093,39,29,105686,39029
2094,39,31,36516,39031
2095,39,33,42480,39033
2096,39,35,1259828,39035
2097,39,37,52196,39037
2098,39,39,38510,39039
2099,39,41,189113,39041
2100,39,43,75828,39043
2101,39,45,150381,39045
2102,39,47,28800,39047
2103,39,49,1231393,39049
2104,39,51,42580,39051
2105,39,53,30397,39053
2106,39,55,94295,39055
2107,39,57,163820,39057
2108,39,59,39590,39059
2109,39,61,806631,39061
2110,39,63,75337,39063
2111,39,65,31796,39065
2112,39,67,15543,39067
2113,39,69,27937,39069
2114,39,71,43045,39071
2115,39,73,28725,39073
2116,39,75,43898,39075
2117,39,77,58714,39077
2118,39,79,32748,39079
2119,39,81,67694,39081
2120,39,83,61167,39083
2121,39,85,229230,39085
2122,39,87,61623,39087
2123,39,89,169390,39089
2124,39,91,45507,39091
2125,39,93,304216,39093
2126,39,95,435286,39095
2127,39,97,43918,39097
2128,39,99,233204,39099
2129,39,101,65720,39101
2130,39,103,176029,39103
2131,39,105,23331,39105
2132,39,107,40831,39107
2133,39,109,103900,39109
2134,39,111,14465,39111
2135,39,113,533116,39113
2136,39,115,14843,39115
2137,39,117,35152,39117
2138,39,119,85818,39119
2139,39,121,14363,39121
2140,39,123,41154,39123
2141,39,125,18989,39125
2142,39,127,35812,39127
2143,39,129,56876,39129
2144,39,131,28256,39131
2145,39,133,161882,39133
2146,39,135,41586,39135
2147,39,137,34171,39137
2148,39,139,121942,39139
2149,39,141,77159,39141
2150,39,143,60179,39143
2151,39,145,77258,39145
2152,39,147,55669,39147
2153,39,149,48951,39149
2154,39,151,375736,39151
2155,39,153,541943,39153
2156,39,155,205175,39155
2157,39,157,92788,39157
2158,39,159,53776,39159
2159,39,161,28462,39161
2160,39,163,13234,39163
2161,39,165,221659,39165
2162,39,167,61213,39167
2163,39,169,115537,39169
2164,39,171,37291,39171
2165,39,173,129590,39173
2166,39,175,22353,39175
2168,40,1,22186,40001
2169,40,3,5790,40003
2170,40,5,13796,40005
2171,40,7,5486,40007
2172,40,9,23691,40009
2173,40,11,9917,40011
2174,40,13,44486,40013
2175,40,15,29317,40015
2176,40,17,129582,40017
2177,40,19,48821,40019
2178,40,21,48341,40021
2179,40,23,15161,40023
2180,40,25,2294,40025
2181,40,27,269908,40027
2182,40,29,5807,40029
2183,40,31,125033,40031
2184,40,33,6150,40033
2185,40,35,14582,40035
2186,40,37,70632,40037
2187,40,39,29500,40039
2188,40,41,41446,40041
2189,40,43,4914,40043
2190,40,45,4150,40045
2191,40,47,63091,40047
2192,40,49,27561,40049
2193,40,51,53854,40051
2194,40,53,4501,40053
2195,40,55,6151,40055
2196,40,57,2798,40057
2197,40,59,3812,40059
2198,40,61,12896,40061
2199,40,63,13806,40063
2200,40,65,25998,40065
2201,40,67,6292,40067
2202,40,69,11103,40069
2203,40,71,45478,40071
2204,40,73,15532,40073
2205,40,75,9336,40075
2206,40,77,10693,40077
2207,40,79,49761,40079
2208,40,81,34619,40081
2209,40,83,45276,40083
2210,40,85,9773,40085
2211,40,87,37313,40087
2212,40,89,33050,40089
2213,40,91,20088,40091
2214,40,93,7750,40093
2215,40,95,16182,40095
2216,40,97,40816,40097
2217,40,99,13803,40099
2218,40,101,69966,40101
2219,40,103,11494,40103
2220,40,105,10524,40105
2221,40,107,12186,40107
2222,40,109,766215,40109
2223,40,111,39095,40111
2224,40,113,47981,40113
2225,40,115,32105,40115
2226,40,117,16401,40117
2227,40,119,80264,40119
2228,40,121,44626,40121
2229,40,123,38005,40123
2230,40,125,71811,40125
2231,40,127,11125,40127
2232,40,129,3761,40129
2233,40,131,89815,40131
2234,40,133,25421,40133
2235,40,135,41358,40135
2236,40,137,44493,40137
2237,40,139,21853,40139
2238,40,141,7628,40141
2239,40,143,629598,40143
2240,40,145,75702,40145
2241,40,147,51937,40147
2242,40,149,11547,40149
2243,40,151,9288,40151
2244,40,153,21529,40153
2246,41,1,16059,41001
2247,41,3,86316,41003
2248,41,5,394972,41005
2249,41,7,37474,41007
2250,41,9,49459,41009
2251,41,11,62475,41011
2252,41,13,20998,41013
2253,41,15,22335,41015
2254,41,17,170388,41017
2255,41,19,106972,41019
2256,41,21,1932,41021
2257,41,23,7180,41023
2258,41,25,7126,41025
2259,41,27,22885,41027
2260,41,29,210287,41029
2261,41,31,22192,41031
2262,41,33,83599,41033
2263,41,35,65455,41035
2264,41,37,7838,41037
2265,41,39,358337,41039
2266,41,41,46406,41041
2267,41,43,119356,41043
2268,41,45,30359,41045
2269,41,47,326110,41047
2270,41,49,11187,41049
2271,41,51,776712,41051
2272,41,53,77916,41053
2273,41,55,1710,41055
2274,41,57,25342,41057
2275,41,59,76705,41059
2276,41,61,25691,41061
2277,41,63,6820,41063
2278,41,65,25515,41065
2279,41,67,562998,41067
2280,41,69,1375,41069
2281,41,71,101758,41071
2283,42,1,101714,42001
2284,42,3,1231255,42003
2285,42,5,67785,42005
2286,42,7,169392,42007
2287,42,9,48946,42009
2288,42,11,413691,42011
2289,42,13,125955,42013
2290,42,15,61784,42015
2291,42,17,626685,42017
2292,42,19,185943,42019
2293,42,21,137732,42021
2294,42,23,4805,42023
2295,42,25,64441,42025
2296,42,27,158742,42027
2297,42,29,512784,42029
2298,42,31,38821,42031
2299,42,33,81191,42033
2300,42,35,39745,42035
2301,42,37,67122,42037
2302,42,39,87175,42039
2303,42,41,243762,42041
2304,42,43,271453,42043
2305,42,45,562960,42045
2306,42,47,31194,42047
2307,42,49,278443,42049
2308,42,51,134086,42051
2309,42,53,7518,42053
2310,42,55,152892,42055
2311,42,57,14632,42057
2312,42,59,37843,42059
2313,42,61,45750,42061
2314,42,63,87706,42063
2315,42,65,44638,42065
2316,42,67,24796,42067
2317,42,69,212719,42069
2318,42,71,533320,42071
2319,42,73,88771,42073
2320,42,75,136359,42075
2321,42,77,357823,42077
2322,42,79,318829,42079
2323,42,81,116508,42081
2324,42,83,42554,42083
2325,42,85,114884,42085
2326,42,87,46552,42087
2327,42,89,166314,42089
2328,42,91,816857,42091
2329,42,93,18641,42093
2330,42,95,300654,42095
2331,42,97,93944,42097
2332,42,99,45634,42099
2333,42,101,1560297,42101
2334,42,103,56191,42103
2335,42,105,17206,42105
2336,42,107,145797,42107
2337,42,109,40323,42109
2338,42,111,76218,42111
2339,42,113,6339,42113
2340,42,115,41920,42115
2341,42,117,42274,42117
2342,42,119,44874,42119
2343,42,121,53529,42121
2344,42,123,40703,42123
2345,42,125,208187,42125
2346,42,127,51401,42127
2347,42,129,359320,42129
2348,42,131,28131,42131
2349,42,133,440755,42133
2351,44,1,49060,44001
2352,44,3,165128,44003
2353,44,5,82358,44005
2354,44,7,631974,44007
2355,44,9,126653,44009
2357,45,1,24965,45001
2358,45,3,164753,45003
2359,45,5,9695,45005
2360,45,7,192810,45007
2361,45,9,15182,45009
2362,45,11,21959,45011
2363,45,13,175852,45013
2364,45,15,198205,45015
2365,45,17,14878,45017
2366,45,19,381015,45019
2367,45,21,56024,45021
2368,45,23,32337,45023
2369,45,25,46125,45025
2370,45,27,34113,45027
2371,45,29,37771,45029
2372,45,31,67799,45031
2373,45,33,31127,45033
2374,45,35,148469,45035
2375,45,37,26553,45037
2376,45,39,22976,45039
2377,45,41,139231,45041
2378,45,43,60773,45043
2379,45,45,482752,45045
2380,45,47,69520,45047
2381,45,49,20405,45049
2382,45,51,298832,45051
2383,45,53,27170,45053
2384,45,55,63161,45055
2385,45,57,83160,45057
2386,45,59,66533,45059
2387,45,61,18343,45061
2388,45,63,277888,45063
2389,45,65,9846,45065
2390,45,67,31933,45067
2391,45,69,27924,45069
2392,45,71,37783,45071
2393,45,73,75192,45073
2394,45,75,90090,45075
2395,45,77,120368,45077
2396,45,79,401566,45079
2397,45,81,20026,45081
2398,45,83,293542,45083
2399,45,85,107919,45085
2400,45,87,27876,45087
2401,45,89,32695,45089
2402,45,91,245346,45091
2404,46,3,2745,46003
2405,46,5,18169,46005
2406,46,7,3430,46007
2407,46,9,7023,46009
2408,46,11,33314,46011
2409,46,13,38408,46013
2410,46,15,5309,46015
2411,46,17,2077,46017
2412,46,19,10298,46019
2413,46,21,1386,46021
2414,46,23,9287,46023
2415,46,25,3645,46025
2416,46,27,13932,46027
2417,46,29,27938,46029
2418,46,31,4182,46031
2419,46,33,8445,46033
2420,46,35,19885,46035
2421,46,37,5588,46037
2422,46,39,4312,46039
2423,46,41,5662,46041
2424,46,43,2973,46043
2425,46,45,3983,46045
2426,46,47,6845,46047
2427,46,49,2357,46049
2428,46,51,7241,46051
2429,46,53,4217,46053
2430,46,55,1847,46055
2431,46,57,5989,46057
2432,46,59,3345,46059
2433,46,61,3419,46061
2434,46,63,1250,46063
2435,46,65,17642,46065
2436,46,67,7200,46067
2437,46,69,1396,46069
2438,46,71,3274,46071
2439,46,73,2007,46073
2440,46,75,975,46075
2441,46,77,5075,46077
2442,46,79,12368,46079
2443,46,81,24657,46081
2444,46,83,51548,46083
2445,46,85,3877,46085
2446,46,87,5649,46087
2447,46,89,2429,46089
2448,46,91,4683,46091
2449,46,93,26951,46093
2450,46,95,2100,46095
2451,46,97,2316,46097
2452,46,99,182882,46099
2453,46,101,6367,46101
2454,46,103,108242,46103
2455,46,105,3033,46105
2456,46,107,2340,46107
2457,46,109,10374,46109
2458,46,111,2336,46111
2459,46,113,14218,46113
2460,46,115,6598,46115
2461,46,117,2983,46117
2462,46,119,1438,46119
2463,46,121,9882,46121
2464,46,123,5512,46123
2465,46,125,8272,46125
2466,46,127,15029,46127
2467,46,129,5511,46129
2468,46,135,22684,46135
2469,46,137,2826,46137
2471,47,1,75528,47001
2472,47,3,46627,47003
2473,47,5,16145,47005
2474,47,7,13931,47007
2475,47,9,126339,47009
2476,47,11,102975,47011
2477,47,13,39918,47013
2478,47,15,13757,47015
2479,47,17,28370,47017
2480,47,19,56886,47019
2481,47,21,39764,47021
2482,47,23,17379,47023
2483,47,25,31592,47025
2484,47,27,7765,47027
2485,47,29,35374,47029
2486,47,31,53623,47031
2487,47,33,14668,47033
2488,47,35,57985,47035
2489,47,37,668347,47037
2490,47,39,11666,47039
2491,47,41,19268,47041
2492,47,43,50575,47043
2493,47,45,37935,47045
2494,47,47,39011,47047
2495,47,49,17855,47049
2496,47,51,41402,47051
2497,47,53,49472,47053
2498,47,55,28853,47055
2499,47,57,22864,47057
2500,47,59,68335,47059
2501,47,61,13425,47061
2502,47,63,63036,47063
2503,47,65,351220,47065
2504,47,67,6657,47067
2505,47,69,25965,47069
2506,47,71,25870,47071
2507,47,73,56735,47073
2508,47,75,18185,47075
2509,47,77,28009,47077
2510,47,79,32204,47079
2511,47,81,24384,47081
2512,47,83,8267,47083
2513,47,85,18135,47085
2514,47,87,11568,47087
2515,47,89,52677,47089
2516,47,91,17859,47091
2517,47,93,448644,47093
2518,47,95,7631,47095
2519,47,97,27382,47097
2520,47,99,42274,47099
2521,47,101,11906,47101
2522,47,103,33637,47103
2523,47,105,50771,47105
2524,47,107,52626,47107
2525,47,109,26267,47109
2526,47,111,23003,47111
2527,47,113,98178,47113
2528,47,115,28407,47115
2529,47,117,31269,47117
2530,47,119,85515,47119
2531,47,121,11701,47121
2532,47,123,45233,47123
2533,47,125,189961,47125
2534,47,127,6319,47127
2535,47,129,21660,47129
2536,47,131,30941,47131
2537,47,133,22028,47133
2538,47,135,7822,47135
2539,47,137,5124,47137
2540,47,139,16730,47139
2541,47,141,74165,47141
2542,47,143,32641,47143
2543,47,145,52748,47145
2544,47,147,68079,47147
2545,47,149,288906,47149
2546,47,151,21987,47151
2547,47,153,14704,47153
2548,47,155,95110,47155
2549,47,157,938803,47157
2550,47,159,19009,47159
2551,47,161,13279,47161
2552,47,163,157047,47163
2553,47,165,172706,47165
2554,47,167,61623,47167
2555,47,169,8002,47169
2556,47,171,17963,47171
2557,47,173,19113,47173
2558,47,175,5633,47175
2559,47,177,39969,47177
2560,47,179,126242,47179
2561,47,181,16913,47181
2562,47,183,34373,47183
2563,47,185,26301,47185
2564,47,187,205226,47187
2565,47,189,125376,47189
2567,48,1,57627,48001
2568,48,3,17477,48003
2569,48,5,87750,48005
2570,48,7,24972,48007
2571,48,9,8811,48009
2572,48,11,1955,48011
2573,48,13,47774,48013
2574,48,15,29114,48015
2575,48,17,6910,48017
2576,48,19,20892,48019
2577,48,21,78069,48021
2578,48,23,3592,48023
2579,48,25,32863,48025
2580,48,27,329140,48027
2581,48,29,1855866,48029
2582,48,31,10812,48031
2583,48,33,652,48033
2584,48,35,17780,48035
2585,48,37,93275,48037
2586,48,39,338124,48039
2587,48,41,209152,48041
2588,48,43,9173,48043
2589,48,45,1536,48045
2590,48,47,7194,48047
2591,48,49,37653,48049
2592,48,51,17253,48051
2593,48,53,44943,48053
2594,48,55,39810,48055
2595,48,57,21797,48057
2596,48,59,13513,48059
2597,48,61,420392,48061
2598,48,63,12621,48063
2599,48,65,6013,48065
2600,48,67,30261,48067
2601,48,69,7781,48069
2602,48,71,38145,48071
2603,48,73,50902,48073
2604,48,75,7089,48075
2605,48,77,10370,48077
2606,48,79,2935,48079
2607,48,81,3254,48081
2608,48,83,8430,48083
2609,48,85,885241,48085
2610,48,87,3017,48087
2611,48,89,20719,48089
2612,48,91,123694,48091
2613,48,93,13550,48093
2614,48,95,4050,48095
2615,48,97,38761,48097
2616,48,99,75562,48099
2617,48,101,1415,48101
2618,48,103,4950,48103
2619,48,105,3812,48105
2620,48,107,5899,48107
2621,48,109,2266,48109
2622,48,111,7135,48111
2623,48,113,2518638,48113
2624,48,115,13372,48115
2625,48,117,19195,48117
2626,48,119,5238,48119
2627,48,121,753363,48121
2628,48,123,20684,48123
2629,48,125,2218,48125
2630,48,127,11089,48127
2631,48,129,3543,48129
2632,48,131,11533,48131
2633,48,133,18176,48133
2634,48,135,153904,48135
2635,48,137,1879,48137
2636,48,139,159317,48139
2637,48,141,833487,48141
2638,48,143,40147,48143
2639,48,145,16989,48145
2640,48,147,33752,48147
2641,48,149,24833,48149
2642,48,151,3831,48151
2643,48,153,5949,48153
2644,48,155,1275,48155
2645,48,157,685345,48157
2646,48,159,10600,48159
2647,48,161,19762,48161
2648,48,163,18531,48163
2649,48,165,19425,48165
2650,48,167,314198,48167
2651,48,169,6435,48169
2652,48,171,25520,48171
2653,48,173,1291,48173
2654,48,175,7549,48175
2655,48,177,20462,48177
2656,48,179,23044,48179
2657,48,181,123534,48181
2658,48,183,123204,48183
2659,48,185,27172,48185
2660,48,187,147250,48187
2661,48,189,34720,48189
2662,48,191,3147,48191
2663,48,193,8199,48193
2664,48,195,5509,48195
2665,48,197,3928,48197
2666,48,199,55621,48199
2667,48,201,4441370,48201
2668,48,203,67336,48203
2669,48,205,6089,48205
2670,48,207,5769,48207
2671,48,209,185025,48209
2672,48,211,4180,48211
2673,48,213,79290,48213
2674,48,215,831073,48215
2675,48,217,34848,48217
2676,48,219,23577,48219
2677,48,221,53921,48221
2678,48,223,35921,48223
2679,48,225,22741,48225
2680,48,227,36651,48227
2681,48,229,3211,48229
2682,48,231,88493,48231
2683,48,233,21773,48233
2684,48,235,1574,48235
2685,48,237,8855,48237
2686,48,239,14739,48239
2687,48,241,35552,48241
2688,48,243,2204,48243
2689,48,245,252235,48245
2690,48,247,5255,48247
2691,48,249,41353,48249
2692,48,251,157456,48251
2693,48,253,19936,48253
2694,48,255,14906,48255
2695,48,257,111236,48257
2696,48,259,38880,48259
2697,48,261,400,48261
2698,48,263,785,48263
2699,48,265,50562,48265
2700,48,267,4438,48267
2701,48,269,262,48269
2702,48,271,3526,48271
2703,48,273,32190,48273
2704,48,275,3858,48275
2705,48,277,49523,48277
2706,48,279,13574,48279
2707,48,281,20156,48281
2708,48,283,7474,48283
2709,48,285,19721,48285
2710,48,287,16742,48287
2711,48,289,16861,48289
2712,48,291,78117,48291
2713,48,293,23524,48293
2714,48,295,3553,48295
2715,48,297,12091,48297
2716,48,299,19510,48299
2717,48,301,86,48301
2718,48,303,293974,48303
2719,48,305,5771,48305
2720,48,307,8199,48307
2721,48,309,243441,48309
2722,48,311,805,48311
2723,48,313,13861,48313
2724,48,315,10149,48315
2725,48,317,5460,48317
2726,48,319,4071,48319
2727,48,321,36519,48321
2728,48,323,57023,48323
2729,48,325,47894,48325
2730,48,327,2147,48327
2731,48,329,155830,48329
2732,48,331,24256,48331
2733,48,333,4870,48333
2734,48,335,9076,48335
2735,48,337,19416,48337
2736,48,339,518947,48339
2737,48,341,22148,48341
2738,48,343,12743,48343
2739,48,345,1153,48345
2740,48,347,65301,48347
2741,48,349,48195,48349
2742,48,351,14138,48351
2743,48,353,15093,48353
2744,48,355,356221,48355
2745,48,357,10758,48357
2746,48,359,2070,48359
2747,48,361,83433,48361
2748,48,363,28096,48363
2749,48,365,23769,48365
2750,48,367,123164,48367
2751,48,369,9908,48369
2752,48,371,15893,48371
2753,48,373,46079,48373
2754,48,375,121627,48375
2755,48,377,6976,48377
2756,48,379,11032,48379
2757,48,381,128220,48381
2758,48,383,3755,48383
2759,48,385,3371,48385
2760,48,387,12446,48387
2761,48,389,14349,48389
2762,48,391,7302,48391
2763,48,393,928,48393
2764,48,395,16500,48395
2765,48,397,87809,48397
2766,48,399,10416,48399
2767,48,401,53923,48401
2768,48,403,10350,48403
2769,48,405,8610,48405
2770,48,407,27099,48407
2771,48,409,66915,48409
2772,48,411,5622,48411
2773,48,413,3162,48413
2774,48,415,17328,48415
2775,48,417,3343,48417
2776,48,419,25515,48419
2777,48,421,3084,48421
2778,48,423,218842,48423
2779,48,425,8694,48425
2780,48,427,62955,48427
2781,48,429,9405,48429
2782,48,431,1339,48431
2783,48,433,1403,48433
2784,48,435,3972,48435
2785,48,437,7581,48437
2786,48,439,1945360,48439
2787,48,441,135143,48441
2788,48,443,927,48443
2789,48,445,12739,48445
2790,48,447,1608,48447
2791,48,449,32506,48449
2792,48,451,116608,48451
2793,48,453,1151145,48453
2794,48,455,14224,48455
2795,48,457,21418,48457
2796,48,459,40354,48459
2797,48,461,3454,48461
2798,48,463,27117,48463
2799,48,465,48974,48465
2800,48,467,52910,48467
2801,48,469,91081,48469
2802,48,471,69789,48471
2803,48,473,46820,48473
2804,48,475,11625,48475
2805,48,477,34438,48477
2806,48,479,266673,48479
2807,48,481,41168,48481
2808,48,483,5714,48483
2809,48,485,132355,48485
2810,48,487,12973,48487
2811,48,489,21903,48489
2812,48,491,489250,48491
2813,48,493,46402,48493
2814,48,495,7821,48495
2815,48,497,61638,48497
2816,48,499,42852,48499
2817,48,501,8286,48501
2818,48,503,18350,48503
2819,48,505,14319,48505
2820,48,507,12267,48507
2822,49,1,6461,49001
2823,49,3,51518,49003
2824,49,5,118343,49005
2825,49,7,20660,49007
2826,49,9,1117,49009
2827,49,11,329692,49011
2828,49,13,20380,49013
2829,49,15,10631,49015
2830,49,17,5024,49017
2831,49,19,9429,49019
2832,49,21,47269,49021
2833,49,23,10486,49023
2834,49,25,7254,49025
2835,49,27,12606,49027
2836,49,29,10608,49029
2837,49,31,1484,49031
2838,49,33,2293,49033
2839,49,35,1091742,49035
2840,49,37,15251,49037
2841,49,39,28477,49039
2842,49,41,20773,49041
2843,49,43,39105,49043
2844,49,45,61598,49045
2845,49,47,36867,49047
2846,49,49,560974,49049
2847,49,51,27714,49051
2848,49,53,151948,49053
2849,49,55,2723,49055
2850,49,57,240475,49057
2852,50,1,37009,50001
2853,50,3,36445,50003
2854,50,5,30981,50005
2855,50,7,160531,50007
2856,50,9,6125,50009
2857,50,11,48642,50011
2858,50,13,6994,50013
2859,50,15,25082,50015
2860,50,17,28859,50017
2861,50,19,27082,50019
2862,50,21,60086,50021
2863,50,23,58998,50023
2864,50,25,43714,50025
2865,50,27,56014,50027
2867,51,1,33021,51001
2868,51,3,104489,51003
2869,51,5,15820,51005
2870,51,7,12855,51007
2871,51,9,32041,51009
2872,51,11,15279,51011
2873,51,13,226908,51013
2874,51,15,73862,51015
2875,51,17,4563,51017
2876,51,19,76583,51019
2877,51,21,6625,51021
2878,51,23,33100,51023
2879,51,25,16498,51025
2880,51,27,23106,51027
2881,51,29,16913,51029
2882,51,31,54885,51031
2883,51,33,29778,51033
2884,51,35,29621,51035
2885,51,36,7023,51036
2886,51,37,12225,51037
2887,51,41,332499,51041
2888,51,43,14423,51043
2889,51,45,5234,51045
2890,51,47,49166,51047
2891,51,49,9827,51049
2892,51,51,15308,51051
2893,51,53,27859,51053
2894,51,57,11103,51057
2895,51,59,1137538,51059
2896,51,61,68248,51061
2897,51,63,15578,51063
2898,51,65,26092,51065
2899,51,67,56358,51067
2900,51,69,82377,51069
2901,51,71,16815,51071
2902,51,73,37141,51073
2903,51,75,21936,51075
2904,51,77,15093,51077
2905,51,79,19031,51079
2906,51,81,11681,51081
2907,51,83,35200,51083
2908,51,85,101918,51085
2909,51,87,321924,51087
2910,51,89,52081,51089
2911,51,91,2248,51091
2912,51,93,36007,51093
2913,51,95,72583,51095
2914,51,97,7175,51097
2915,51,99,25371,51099
2916,51,101,16186,51101
2917,51,103,11044,51103
2918,51,105,24951,51105
2919,51,107,363050,51107
2920,51,109,34348,51109
2921,51,111,12466,51111
2922,51,113,13157,51113
2923,51,115,8836,51115
2924,51,117,31192,51117
2925,51,119,10696,51119
2926,51,121,97244,51121
2927,51,125,14850,51125
2928,51,127,20021,51127
2929,51,131,12121,51131
2930,51,133,12251,51133
2931,51,135,15579,51135
2932,51,137,35026,51137
2933,51,139,23848,51139
2934,51,141,18264,51141
2935,51,143,62383,51143
2936,51,145,28449,51145
2937,51,147,23074,51147
2938,51,149,37333,51149
2939,51,153,446094,51153
2940,51,155,34322,51155
2941,51,157,7361,51157
2942,51,159,8902,51159
2943,51,161,93785,51161
2944,51,163,22327,51163
2945,51,165,78171,51165
2946,51,167,28023,51167
2947,51,169,22384,51169
2948,51,171,43021,51171
2949,51,173,31555,51173
2950,51,175,18059,51175
2951,51,177,129188,51177
2952,51,179,139992,51179
2953,51,181,6790,51181
2954,51,183,11767,51183
2955,51,185,43452,51185
2956,51,187,38987,51187
2957,51,191,54729,51191
2958,51,193,17477,51193
2959,51,195,39935,51195
2960,51,197,29121,51197
2961,51,199,66342,51199
2962,51,510,150575,51510
2963,51,520,17184,51520
2964,51,530,6603,51530
2965,51,540,45593,51540
2966,51,550,233371,51550
2967,51,570,17731,51570
2968,51,580,5802,51580
2969,51,590,42444,51590
2970,51,595,5462,51595
2971,51,600,24483,51600
2972,51,610,13601,51610
2973,51,620,8526,51620
2974,51,630,28350,51630
2975,51,640,7014,51640
2976,51,650,136879,51650
2977,51,660,52478,51660
2978,51,670,22196,51670
2979,51,678,7311,51678
2980,51,680,79047,51680
2981,51,683,42081,51683
2982,51,685,15174,51685
2983,51,690,13711,51690
2984,51,700,182965,51700
2985,51,710,245428,51710
2986,51,720,4031,51720
2987,51,730,32701,51730
2988,51,735,12048,51735
2989,51,740,96004,51740
2990,51,750,17646,51750
2991,51,760,217853,51760
2992,51,770,99428,51770
2993,51,775,25483,51775
2994,51,790,24538,51790
2995,51,800,86806,51800
2996,51,810,450980,51810
2997,51,820,21366,51820
2998,51,830,14691,51830
2999,51,840,27543,51840
3001,53,1,19179,53001
3002,53,3,22189,53003
3003,53,5,186486,53005
3004,53,7,74588,53007
3005,53,9,72715,53009
3006,53,11,451008,53011
3007,53,13,3985,53013
3008,53,15,102133,53015
3009,53,17,39804,53017
3010,53,19,7667,53019
3011,53,21,87809,53021
3012,53,23,2215,53023
3013,53,25,93147,53025
3014,53,27,70818,53027
3015,53,29,79275,53029
3016,53,31,30228,53031
3017,53,33,2079967,53033
3018,53,35,254183,53035
3019,53,37,42522,53037
3020,53,39,20861,53039
3021,53,41,75128,53041
3022,53,43,10250,53043
3023,53,45,60711,53045
3024,53,47,41290,53047
3025,53,49,20561,53049
3026,53,51,12985,53051
3027,53,53,831928,53053
3028,53,55,16015,53055
3029,53,57,120365,53057
3030,53,59,11340,53059
3031,53,61,759583,53061
3032,53,63,484318,53063
3033,53,65,43650,53065
3034,53,67,265851,53067
3035,53,69,4067,53069
3036,53,71,59844,53071
3037,53,73,208351,53073
3038,53,75,46827,53075
3039,53,77,247687,53077
3041,54,1,16766,54001
3042,54,3,110497,54003
3043,54,5,23714,54005
3044,54,7,14463,54007
3045,54,9,23530,54009
3046,54,11,97109,54011
3047,54,13,7513,54013
3048,54,15,8941,54015
3049,54,17,8391,54017
3050,54,19,45132,54019
3051,54,21,8618,54021
3052,54,23,11687,54023
3053,54,25,35450,54025
3054,54,27,23483,54027
3055,54,29,30112,54029
3056,54,31,13923,54031
3057,54,33,68761,54033
3058,54,35,29126,54035
3059,54,37,55713,54037
3060,54,39,190223,54039
3061,54,41,16414,54041
3062,54,43,21561,54043
3063,54,45,35348,54045
3064,54,47,20448,54047
3065,54,49,56803,54049
3066,54,51,32416,54051
3067,54,53,27016,54053
3068,54,55,61785,54055
3069,54,57,27578,54057
3070,54,59,25716,54059
3071,54,61,103463,54061
3072,54,63,13582,54063
3073,54,65,17453,54065
3074,54,67,25827,54067
3075,54,69,43328,54069
3076,54,71,7371,54071
3077,54,73,7634,54073
3078,54,75,8662,54075
3079,54,77,33788,54077
3080,54,79,56770,54079
3081,54,81,78241,54081
3082,54,83,29429,54083
3083,54,85,10011,54085
3084,54,87,14664,54087
3085,54,89,13417,54089
3086,54,91,17069,54091
3087,54,93,6927,54093
3088,54,95,9098,54095
3089,54,97,24731,54097
3090,54,99,41122,54099
3091,54,101,8834,54101
3092,54,103,15988,54103
3093,54,105,5845,54105
3094,54,107,86237,54107
3095,54,109,22598,54109
3097,55,1,20215,55001
3098,55,3,16103,55003
3099,55,5,45455,55005
3100,55,7,14985,55007
3101,55,9,256670,55009
3102,55,11,13188,55011
3103,55,13,15328,55013
3104,55,15,49491,55015
3105,55,17,63460,55017
3106,55,19,34423,55019
3107,55,21,56615,55021
3108,55,23,16392,55023
3109,55,25,516284,55025
3110,55,27,88574,55027
3111,55,29,27766,55029
3112,55,31,43698,55031
3113,55,33,44305,55033
3114,55,35,101564,55035
3115,55,37,4481,55037
3116,55,39,101759,55039
3117,55,41,9127,55041
3118,55,43,51829,55043
3119,55,45,37063,55045
3120,55,47,18836,55047
3121,55,49,23825,55049
3122,55,51,5917,55051
3123,55,53,20652,55053
3124,55,55,84395,55055
3125,55,57,26395,55057
3126,55,59,168068,55059
3127,55,61,20444,55061
3128,55,63,118011,55063
3129,55,65,16853,55065
3130,55,67,19410,55067
3131,55,69,28493,55069
3132,55,71,80160,55071
3133,55,73,135780,55073
3134,55,75,41298,55075
3135,55,77,15050,55077
3136,55,78,4522,55078
3137,55,79,956406,55079
3138,55,81,45379,55081
3139,55,83,37417,55083
3140,55,85,35563,55085
3141,55,87,182006,55087
3142,55,89,87470,55089
3143,55,91,7335,55091
3144,55,93,40958,55093
3145,55,95,43437,55095
3146,55,97,70482,55097
3147,55,99,13675,55099
3148,55,101,195163,55101
3149,55,103,17662,55103
3150,55,105,161188,55105
3151,55,107,14333,55107
3152,55,109,86759,55109
3153,55,111,63379,55111
3154,55,113,16437,55113
3155,55,115,41579,55115
3156,55,117,115290,55117
3157,55,119,20540,55119
3158,55,121,29509,55121
3159,55,123,30362,55123
3160,55,125,21398,55125
3161,55,127,103527,55127
3162,55,129,15694,55129
3163,55,131,133251,55131
3164,55,133,395118,55133
3165,55,135,52066,55135
3166,55,137,24178,55137
3167,55,139,169511,55139
3168,55,141,73608,55141
3170,56,1,37811,56001
3171,56,3,11930,56003
3172,56,5,48320,56005
3173,56,7,15854,56007
3174,56,9,14097,56009
3175,56,11,7248,56011
3176,56,13,40703,56013
3177,56,15,13514,56015
3178,56,17,4816,56017
3179,56,19,8573,56019
3180,56,21,96389,56021
3181,56,23,18567,56023
3182,56,25,81624,56025
3183,56,27,2463,56027
3184,56,29,28989,56029
3185,56,31,8799,56031
3186,56,33,30032,56033
3187,56,35,10057,56035
3188,56,37,45010,56037
3189,56,39,22930,56039
3190,56,41,20904,56041
3191,56,43,8322,56043
3192,56,45,7201,56045
